"source_url","normalized_source","source_host","page_type","legacy_id","legacy_type_id","target_url","action","status_code","canonical_target","priority","lastmod","evidence","status","notes"
"https://www.batumparking.cn/","https://www.batumparking.cn/","www.batumparking.cn","home","","","https://batumtech.com/","permanent_redirect","301","https://batumtech.com/","1.00","2020-05-09T09:22:52+00:00","batumtech.com/sitemap.xml fetched 2026-08-17","mapped_to_batumtech.com","Sitemap host differs from current batumtech.com host"
"https://www.batumparking.cn/index.php/product/typeid-50.html","https://www.batumparking.cn/index.php/product/typeid-50.html","www.batumparking.cn","product_category","","50","https://batumtech.com/products/category/50","permanent_redirect","301","https://batumtech.com/products/category/50","0.80","2020-05-09T09:22:52+00:00","batumtech.com/sitemap.xml fetched 2026-08-17","mapped_to_batumtech.com","Sitemap host differs from current batumtech.com host"
"https://www.batumparking.cn/index.php/product/typeid-93.html","https://www.batumparking.cn/index.php/product/typeid-93.html","www.batumparking.cn","product_category","","93","https://batumtech.com/products/category/93","permanent_redirect","301","https://batumtech.com/products/category/93","0.80","2020-05-09T09:22:52+00:00","batumtech.com/sitemap.xml fetched 2026-08-17","mapped_to_batumtech.com","Sitemap host differs from current batumtech.com host"
"https://www.batumparking.cn/index.php/product/typeid-94.html","https://www.batumparking.cn/index.php/product/typeid-94.html","www.batumparking.cn","product_category","","94","https://batumtech.com/products/category/94","permanent_redirect","301","https://batumtech.com/products/category/94","0.80","2020-05-09T09:22:52+00:00","batumtech.com/sitemap.xml fetched 2026-08-17","mapped_to_batumtech.com","Sitemap host differs from current batumtech.com host"
"https://www.batumparking.cn/index.php/product/typeid-95.html","https://www.batumparking.cn/index.php/product/typeid-95.html","www.batumparking.cn","product_category","","95","https://batumtech.com/products/category/95","permanent_redirect","301","https://batumtech.com/products/category/95","0.80","2020-05-09T09:22:52+00:00","batumtech.com/sitemap.xml fetched 2026-08-17","mapped_to_batumtech.com","Sitemap host differs from current batumtech.com host"
"https://www.batumparking.cn/index.php/news.html","https://www.batumparking.cn/index.php/news.html","www.batumparking.cn","news_index","","","https://batumtech.com/news","permanent_redirect","301","https://batumtech.com/news","0.80","2020-05-09T09:22:52+00:00","batumtech.com/sitemap.xml fetched 2026-08-17","mapped_to_batumtech.com","Sitemap host differs from current batumtech.com host"
"https://www.batumparking.cn/index.php/about.html","https://www.batumparking.cn/index.php/about.html","www.batumparking.cn","about","","","https://batumtech.com/about","permanent_redirect","301","https://batumtech.com/about","0.80","2020-05-09T09:22:52+00:00","batumtech.com/sitemap.xml fetched 2026-08-17","mapped_to_batumtech.com","Sitemap host differs from current batumtech.com host"
"https://www.batumparking.cn/index.php/contact.html","https://www.batumparking.cn/index.php/contact.html","www.batumparking.cn","contact","","","https://batumtech.com/contact","permanent_redirect","301","https://batumtech.com/contact","0.80","2020-05-09T09:22:52+00:00","batumtech.com/sitemap.xml fetched 2026-08-17","mapped_to_batumtech.com","Sitemap host differs from current batumtech.com host"
"https://www.batumparking.cn/index.php/product/typeid-50-id-33.html","https://www.batumparking.cn/index.php/product/typeid-50-id-33.html","www.batumparking.cn","product_detail","33","50","https://batumtech.com/products/33","permanent_redirect","301","https://batumtech.com/products/33","0.80","2020-05-09T09:22:52+00:00","batumtech.com/sitemap.xml fetched 2026-08-17","mapped_to_batumtech.com","Sitemap host differs from current batumtech.com host"
"https://www.batumparking.cn/index.php/product/typeid-50-id-32.html","https://www.batumparking.cn/index.php/product/typeid-50-id-32.html","www.batumparking.cn","product_detail","32","50","https://batumtech.com/products/32","permanent_redirect","301","https://batumtech.com/products/32","0.80","2020-05-09T09:22:52+00:00","batumtech.com/sitemap.xml fetched 2026-08-17","mapped_to_batumtech.com","Sitemap host differs from current batumtech.com host"
"https://www.batumparking.cn/index.php/product/typeid-95-id-31.html","https://www.batumparking.cn/index.php/product/typeid-95-id-31.html","www.batumparking.cn","product_detail","31","95","https://batumtech.com/products/31","permanent_redirect","301","https://batumtech.com/products/31","0.80","2020-05-09T09:22:52+00:00","batumtech.com/sitemap.xml fetched 2026-08-17","mapped_to_batumtech.com","Sitemap host differs from current batumtech.com host"
"https://www.batumparking.cn/index.php/product/typeid-95-id-28.html","https://www.batumparking.cn/index.php/product/typeid-95-id-28.html","www.batumparking.cn","product_detail","28","95","https://batumtech.com/products/28","permanent_redirect","301","https://batumtech.com/products/28","0.80","2020-05-09T09:22:52+00:00","batumtech.com/sitemap.xml fetched 2026-08-17","mapped_to_batumtech.com","Sitemap host differs from current batumtech.com host"
"https://www.batumparking.cn/index.php/product/typeid-95-id-27.html","https://www.batumparking.cn/index.php/product/typeid-95-id-27.html","www.batumparking.cn","product_detail","27","95","https://batumtech.com/products/27","permanent_redirect","301","https://batumtech.com/products/27","0.80","2020-05-09T09:22:52+00:00","batumtech.com/sitemap.xml fetched 2026-08-17","mapped_to_batumtech.com","Sitemap host differs from current batumtech.com host"
"https://www.batumparking.cn/index.php/product/typeid-97-id-26.html","https://www.batumparking.cn/index.php/product/typeid-97-id-26.html","www.batumparking.cn","product_detail","26","97","https://batumtech.com/products/26","permanent_redirect","301","https://batumtech.com/products/26","0.80","2020-05-09T09:22:52+00:00","batumtech.com/sitemap.xml fetched 2026-08-17","mapped_to_batumtech.com","Sitemap host differs from current batumtech.com host"
"https://www.batumparking.cn/index.php/product/typeid-95-id-25.html","https://www.batumparking.cn/index.php/product/typeid-95-id-25.html","www.batumparking.cn","product_detail","25","95","https://batumtech.com/products/25","permanent_redirect","301","https://batumtech.com/products/25","0.80","2020-05-09T09:22:52+00:00","batumtech.com/sitemap.xml fetched 2026-08-17","mapped_to_batumtech.com","Sitemap host differs from current batumtech.com host"
"https://www.batumparking.cn/index.php/product/typeid-97-id-24.html","https://www.batumparking.cn/index.php/product/typeid-97-id-24.html","www.batumparking.cn","product_detail","24","97","https://batumtech.com/products/24","permanent_redirect","301","https://batumtech.com/products/24","0.80","2020-05-09T09:22:52+00:00","batumtech.com/sitemap.xml fetched 2026-08-17","mapped_to_batumtech.com","Sitemap host differs from current batumtech.com host"
"https://www.batumparking.cn/index.php/product.html","https://www.batumparking.cn/index.php/product.html","www.batumparking.cn","product_index","","","https://batumtech.com/products","permanent_redirect","301","https://batumtech.com/products","0.80","2020-05-09T09:22:52+00:00","batumtech.com/sitemap.xml fetched 2026-08-17","mapped_to_batumtech.com","Sitemap host differs from current batumtech.com host"
"https://www.batumparking.cn/index.php/news/id-241.html","https://www.batumparking.cn/index.php/news/id-241.html","www.batumparking.cn","news_detail","241","","https://batumtech.com/news/241","permanent_redirect","301","https://batumtech.com/news/241","0.80","2020-05-09T09:22:52+00:00","batumtech.com/sitemap.xml fetched 2026-08-17","mapped_to_batumtech.com","Sitemap host differs from current batumtech.com host"
"https://www.batumparking.cn/index.php/news/id-240.html","https://www.batumparking.cn/index.php/news/id-240.html","www.batumparking.cn","news_detail","240","","https://batumtech.com/news/240","permanent_redirect","301","https://batumtech.com/news/240","0.80","2020-05-09T09:22:52+00:00","batumtech.com/sitemap.xml fetched 2026-08-17","mapped_to_batumtech.com","Sitemap host differs from current batumtech.com host"
"https://www.batumparking.cn/index.php/news/id-239.html","https://www.batumparking.cn/index.php/news/id-239.html","www.batumparking.cn","news_detail","239","","https://batumtech.com/news/239","permanent_redirect","301","https://batumtech.com/news/239","0.80","2020-05-09T09:22:52+00:00","batumtech.com/sitemap.xml fetched 2026-08-17","mapped_to_batumtech.com","Sitemap host differs from current batumtech.com host"
"https://www.batumparking.cn/index.php/news/id-238.html","https://www.batumparking.cn/index.php/news/id-238.html","www.batumparking.cn","news_detail","238","","https://batumtech.com/news/238","permanent_redirect","301","https://batumtech.com/news/238","0.80","2020-05-09T09:22:52+00:00","batumtech.com/sitemap.xml fetched 2026-08-17","mapped_to_batumtech.com","Sitemap host differs from current batumtech.com host"
"https://www.batumparking.cn/index.php/news/id-237.html","https://www.batumparking.cn/index.php/news/id-237.html","www.batumparking.cn","news_detail","237","","https://batumtech.com/news/237","permanent_redirect","301","https://batumtech.com/news/237","0.80","2020-05-09T09:22:52+00:00","batumtech.com/sitemap.xml fetched 2026-08-17","mapped_to_batumtech.com","Sitemap host differs from current batumtech.com host"
"https://www.batumparking.cn/index.php/news/id-235.html","https://www.batumparking.cn/index.php/news/id-235.html","www.batumparking.cn","news_detail","235","","https://batumtech.com/news/235","permanent_redirect","301","https://batumtech.com/news/235","0.80","2020-05-09T09:22:52+00:00","batumtech.com/sitemap.xml fetched 2026-08-17","mapped_to_batumtech.com","Sitemap host differs from current batumtech.com host"
"https://www.batumparking.cn/index.php/news/id-234.html","https://www.batumparking.cn/index.php/news/id-234.html","www.batumparking.cn","news_detail","234","","https://batumtech.com/news/234","permanent_redirect","301","https://batumtech.com/news/234","0.80","2020-05-09T09:22:52+00:00","batumtech.com/sitemap.xml fetched 2026-08-17","mapped_to_batumtech.com","Sitemap host differs from current batumtech.com host"
"https://www.batumparking.cn/index.php/news/id-233.html","https://www.batumparking.cn/index.php/news/id-233.html","www.batumparking.cn","news_detail","233","","https://batumtech.com/news/233","permanent_redirect","301","https://batumtech.com/news/233","0.80","2020-05-09T09:22:52+00:00","batumtech.com/sitemap.xml fetched 2026-08-17","mapped_to_batumtech.com","Sitemap host differs from current batumtech.com host"
"https://www.batumparking.cn/www.batumtech.com","https://www.batumparking.cn/www.batumtech.com","www.batumparking.cn","anomalous_or_other","","","","gone","410","","0.80","2020-05-09T09:22:52+00:00","batumtech.com/sitemap.xml fetched 2026-08-17","mapped_to_410","Sitemap host differs from current batumtech.com host"
"https://www.batumparking.cn/www.magneticchina.cn","https://www.batumparking.cn/www.magneticchina.cn","www.batumparking.cn","anomalous_or_other","","","","gone","410","","0.80","2020-05-09T09:22:52+00:00","batumtech.com/sitemap.xml fetched 2026-08-17","mapped_to_410","Sitemap host differs from current batumtech.com host"
"https://www.batumparking.cn/index.php/product/typeid-102.html","https://www.batumparking.cn/index.php/product/typeid-102.html","www.batumparking.cn","product_category","","102","https://batumtech.com/products/category/102","permanent_redirect","301","https://batumtech.com/products/category/102","0.64","2020-05-09T09:22:52+00:00","batumtech.com/sitemap.xml fetched 2026-08-17","mapped_to_batumtech.com","Sitemap host differs from current batumtech.com host"
"https://www.batumparking.cn/index.php/product/typeid-103.html","https://www.batumparking.cn/index.php/product/typeid-103.html","www.batumparking.cn","product_category","","103","https://batumtech.com/products/category/103","permanent_redirect","301","https://batumtech.com/products/category/103","0.64","2020-05-09T09:22:52+00:00","batumtech.com/sitemap.xml fetched 2026-08-17","mapped_to_batumtech.com","Sitemap host differs from current batumtech.com host"
"https://www.batumparking.cn/index.php/product/typeid-96.html","https://www.batumparking.cn/index.php/product/typeid-96.html","www.batumparking.cn","product_category","","96","https://batumtech.com/products/category/96","permanent_redirect","301","https://batumtech.com/products/category/96","0.64","2020-05-09T09:22:52+00:00","batumtech.com/sitemap.xml fetched 2026-08-17","mapped_to_batumtech.com","Sitemap host differs from current batumtech.com host"
"https://www.batumparking.cn/index.php/product/typeid-97.html","https://www.batumparking.cn/index.php/product/typeid-97.html","www.batumparking.cn","product_category","","97","https://batumtech.com/products/category/97","permanent_redirect","301","https://batumtech.com/products/category/97","0.64","2020-05-09T09:22:52+00:00","batumtech.com/sitemap.xml fetched 2026-08-17","mapped_to_batumtech.com","Sitemap host differs from current batumtech.com host"
"https://www.batumparking.cn/index.php/product/www.batumtech.com","https://www.batumparking.cn/index.php/product/www.batumtech.com","www.batumparking.cn","anomalous_or_other","","","","gone","410","","0.64","2020-05-09T09:22:52+00:00","batumtech.com/sitemap.xml fetched 2026-08-17","mapped_to_410","Sitemap host differs from current batumtech.com host"
"https://www.batumparking.cn/index.php/product/www.magneticchina.cn","https://www.batumparking.cn/index.php/product/www.magneticchina.cn","www.batumparking.cn","anomalous_or_other","","","","gone","410","","0.64","2020-05-09T09:22:52+00:00","batumtech.com/sitemap.xml fetched 2026-08-17","mapped_to_410","Sitemap host differs from current batumtech.com host"
"https://www.batumparking.cn/index.php/product/typeid-97-id-23.html","https://www.batumparking.cn/index.php/product/typeid-97-id-23.html","www.batumparking.cn","product_detail","23","97","https://batumtech.com/products/23","permanent_redirect","301","https://batumtech.com/products/23","0.64","2020-05-09T09:22:52+00:00","batumtech.com/sitemap.xml fetched 2026-08-17","mapped_to_batumtech.com","Sitemap host differs from current batumtech.com host"
"https://www.batumparking.cn/index.php/product/typeid-97-id-22.html","https://www.batumparking.cn/index.php/product/typeid-97-id-22.html","www.batumparking.cn","product_detail","22","97","https://batumtech.com/products/22","permanent_redirect","301","https://batumtech.com/products/22","0.64","2020-05-09T09:22:52+00:00","batumtech.com/sitemap.xml fetched 2026-08-17","mapped_to_batumtech.com","Sitemap host differs from current batumtech.com host"
"https://www.batumparking.cn/index.php/product/typeid-96-id-17.html","https://www.batumparking.cn/index.php/product/typeid-96-id-17.html","www.batumparking.cn","product_detail","17","96","https://batumtech.com/products/17","permanent_redirect","301","https://batumtech.com/products/17","0.64","2020-05-09T09:22:52+00:00","batumtech.com/sitemap.xml fetched 2026-08-17","mapped_to_batumtech.com","Sitemap host differs from current batumtech.com host"
"https://www.batumparking.cn/index.php/product/typeid-96-id-16.html","https://www.batumparking.cn/index.php/product/typeid-96-id-16.html","www.batumparking.cn","product_detail","16","96","https://batumtech.com/products/16","permanent_redirect","301","https://batumtech.com/products/16","0.64","2020-05-09T09:22:52+00:00","batumtech.com/sitemap.xml fetched 2026-08-17","mapped_to_batumtech.com","Sitemap host differs from current batumtech.com host"
"https://www.batumparking.cn/index.php/product/typeid-96-id-15.html","https://www.batumparking.cn/index.php/product/typeid-96-id-15.html","www.batumparking.cn","product_detail","15","96","https://batumtech.com/products/15","permanent_redirect","301","https://batumtech.com/products/15","0.64","2020-05-09T09:22:52+00:00","batumtech.com/sitemap.xml fetched 2026-08-17","mapped_to_batumtech.com","Sitemap host differs from current batumtech.com host"
"https://www.batumparking.cn/index.php/product/typeid-96-id-14.html","https://www.batumparking.cn/index.php/product/typeid-96-id-14.html","www.batumparking.cn","product_detail","14","96","https://batumtech.com/products/14","permanent_redirect","301","https://batumtech.com/products/14","0.64","2020-05-09T09:22:52+00:00","batumtech.com/sitemap.xml fetched 2026-08-17","mapped_to_batumtech.com","Sitemap host differs from current batumtech.com host"
"https://www.batumparking.cn/index.php/product/typeid-94-id-20.html","https://www.batumparking.cn/index.php/product/typeid-94-id-20.html","www.batumparking.cn","product_detail","20","94","https://batumtech.com/products/20","permanent_redirect","301","https://batumtech.com/products/20","0.64","2020-05-09T09:22:52+00:00","batumtech.com/sitemap.xml fetched 2026-08-17","mapped_to_batumtech.com","Sitemap host differs from current batumtech.com host"
"https://www.batumparking.cn/index.php/product/typeid-94-id-19.html","https://www.batumparking.cn/index.php/product/typeid-94-id-19.html","www.batumparking.cn","product_detail","19","94","https://batumtech.com/products/19","permanent_redirect","301","https://batumtech.com/products/19","0.64","2020-05-09T09:22:52+00:00","batumtech.com/sitemap.xml fetched 2026-08-17","mapped_to_batumtech.com","Sitemap host differs from current batumtech.com host"
"https://www.batumparking.cn/index.php/product/typeid-95-id-21.html","https://www.batumparking.cn/index.php/product/typeid-95-id-21.html","www.batumparking.cn","product_detail","21","95","https://batumtech.com/products/21","permanent_redirect","301","https://batumtech.com/products/21","0.64","2020-05-09T09:22:52+00:00","batumtech.com/sitemap.xml fetched 2026-08-17","mapped_to_batumtech.com","Sitemap host differs from current batumtech.com host"
"https://www.batumparking.cn/index.php/news/typeid-101.html","https://www.batumparking.cn/index.php/news/typeid-101.html","www.batumparking.cn","news_category","","101","https://batumtech.com/news/category/101","permanent_redirect","301","https://batumtech.com/news/category/101","0.64","2020-05-09T09:22:52+00:00","batumtech.com/sitemap.xml fetched 2026-08-17","mapped_to_batumtech.com","Sitemap host differs from current batumtech.com host"
"https://www.batumparking.cn/index.php/news/typeid-36.html","https://www.batumparking.cn/index.php/news/typeid-36.html","www.batumparking.cn","news_category","","36","https://batumtech.com/news/category/36","permanent_redirect","301","https://batumtech.com/news/category/36","0.64","2020-05-09T09:22:52+00:00","batumtech.com/sitemap.xml fetched 2026-08-17","mapped_to_batumtech.com","Sitemap host differs from current batumtech.com host"
"https://www.batumparking.cn/index.php/news/typeid-88.html","https://www.batumparking.cn/index.php/news/typeid-88.html","www.batumparking.cn","news_category","","88","https://batumtech.com/news/category/88","permanent_redirect","301","https://batumtech.com/news/category/88","0.64","2020-05-09T09:22:52+00:00","batumtech.com/sitemap.xml fetched 2026-08-17","mapped_to_batumtech.com","Sitemap host differs from current batumtech.com host"
"https://www.batumparking.cn/index.php/news/typeid-101-id-241.html","https://www.batumparking.cn/index.php/news/typeid-101-id-241.html","www.batumparking.cn","news_detail","241","101","https://batumtech.com/news/241","permanent_redirect","301","https://batumtech.com/news/241","0.64","2020-05-09T09:22:52+00:00","batumtech.com/sitemap.xml fetched 2026-08-17","mapped_to_batumtech.com","Sitemap host differs from current batumtech.com host"
"https://www.batumparking.cn/index.php/news/typeid-101-id-240.html","https://www.batumparking.cn/index.php/news/typeid-101-id-240.html","www.batumparking.cn","news_detail","240","101","https://batumtech.com/news/240","permanent_redirect","301","https://batumtech.com/news/240","0.64","2020-05-09T09:22:52+00:00","batumtech.com/sitemap.xml fetched 2026-08-17","mapped_to_batumtech.com","Sitemap host differs from current batumtech.com host"
"https://www.batumparking.cn/index.php/news/typeid-88-id-239.html","https://www.batumparking.cn/index.php/news/typeid-88-id-239.html","www.batumparking.cn","news_detail","239","88","https://batumtech.com/news/239","permanent_redirect","301","https://batumtech.com/news/239","0.64","2020-05-09T09:22:52+00:00","batumtech.com/sitemap.xml fetched 2026-08-17","mapped_to_batumtech.com","Sitemap host differs from current batumtech.com host"
"https://www.batumparking.cn/index.php/news/typeid-36-id-238.html","https://www.batumparking.cn/index.php/news/typeid-36-id-238.html","www.batumparking.cn","news_detail","238","36","https://batumtech.com/news/238","permanent_redirect","301","https://batumtech.com/news/238","0.64","2020-05-09T09:22:52+00:00","batumtech.com/sitemap.xml fetched 2026-08-17","mapped_to_batumtech.com","Sitemap host differs from current batumtech.com host"
"https://www.batumparking.cn/index.php/news/typeid-88-id-237.html","https://www.batumparking.cn/index.php/news/typeid-88-id-237.html","www.batumparking.cn","news_detail","237","88","https://batumtech.com/news/237","permanent_redirect","301","https://batumtech.com/news/237","0.64","2020-05-09T09:22:52+00:00","batumtech.com/sitemap.xml fetched 2026-08-17","mapped_to_batumtech.com","Sitemap host differs from current batumtech.com host"
"https://www.batumparking.cn/index.php/news/typeid-88-id-235.html","https://www.batumparking.cn/index.php/news/typeid-88-id-235.html","www.batumparking.cn","news_detail","235","88","https://batumtech.com/news/235","permanent_redirect","301","https://batumtech.com/news/235","0.64","2020-05-09T09:22:52+00:00","batumtech.com/sitemap.xml fetched 2026-08-17","mapped_to_batumtech.com","Sitemap host differs from current batumtech.com host"
"https://www.batumparking.cn/index.php/news/typeid-88-id-234.html","https://www.batumparking.cn/index.php/news/typeid-88-id-234.html","www.batumparking.cn","news_detail","234","88","https://batumtech.com/news/234","permanent_redirect","301","https://batumtech.com/news/234","0.64","2020-05-09T09:22:52+00:00","batumtech.com/sitemap.xml fetched 2026-08-17","mapped_to_batumtech.com","Sitemap host differs from current batumtech.com host"
"https://www.batumparking.cn/index.php/news/typeid-101-id-233.html","https://www.batumparking.cn/index.php/news/typeid-101-id-233.html","www.batumparking.cn","news_detail","233","101","https://batumtech.com/news/233","permanent_redirect","301","https://batumtech.com/news/233","0.64","2020-05-09T09:22:52+00:00","batumtech.com/sitemap.xml fetched 2026-08-17","mapped_to_batumtech.com","Sitemap host differs from current batumtech.com host"
"https://www.batumparking.cn/index.php/news/typeid-101-id-232.html","https://www.batumparking.cn/index.php/news/typeid-101-id-232.html","www.batumparking.cn","news_detail","232","101","https://batumtech.com/news/232","permanent_redirect","301","https://batumtech.com/news/232","0.64","2020-05-09T09:22:52+00:00","batumtech.com/sitemap.xml fetched 2026-08-17","mapped_to_batumtech.com","Sitemap host differs from current batumtech.com host"
"https://www.batumparking.cn/index.php/news.html?&page=1","https://www.batumparking.cn/index.php/news.html?&page=1","www.batumparking.cn","news_pagination","","","https://batumtech.com/news","permanent_redirect","301","https://batumtech.com/news","0.64","2020-05-09T09:22:52+00:00","batumtech.com/sitemap.xml fetched 2026-08-17","mapped_to_batumtech.com","Sitemap host differs from current batumtech.com host"
"https://www.batumparking.cn/index.php/news.html?&page=2","https://www.batumparking.cn/index.php/news.html?&page=2","www.batumparking.cn","news_pagination","","","https://batumtech.com/news","permanent_redirect","301","https://batumtech.com/news","0.64","2020-05-09T09:22:52+00:00","batumtech.com/sitemap.xml fetched 2026-08-17","mapped_to_batumtech.com","Sitemap host differs from current batumtech.com host"
"https://www.batumparking.cn/index.php/news.html?&page=3","https://www.batumparking.cn/index.php/news.html?&page=3","www.batumparking.cn","news_pagination","","","https://batumtech.com/news","permanent_redirect","301","https://batumtech.com/news","0.64","2020-05-09T09:22:52+00:00","batumtech.com/sitemap.xml fetched 2026-08-17","mapped_to_batumtech.com","Sitemap host differs from current batumtech.com host"
"https://www.batumparking.cn/index.php/news.html?&page=4","https://www.batumparking.cn/index.php/news.html?&page=4","www.batumparking.cn","news_pagination","","","https://batumtech.com/news","permanent_redirect","301","https://batumtech.com/news","0.64","2020-05-09T09:22:52+00:00","batumtech.com/sitemap.xml fetched 2026-08-17","mapped_to_batumtech.com","Sitemap host differs from current batumtech.com host"
"https://www.batumparking.cn/index.php/news.html?&page=5","https://www.batumparking.cn/index.php/news.html?&page=5","www.batumparking.cn","news_pagination","","","https://batumtech.com/news","permanent_redirect","301","https://batumtech.com/news","0.64","2020-05-09T09:22:52+00:00","batumtech.com/sitemap.xml fetched 2026-08-17","mapped_to_batumtech.com","Sitemap host differs from current batumtech.com host"
"https://www.batumparking.cn/index.php/www.batumtech.com","https://www.batumparking.cn/index.php/www.batumtech.com","www.batumparking.cn","anomalous_or_other","","","","gone","410","","0.64","2020-05-09T09:22:52+00:00","batumtech.com/sitemap.xml fetched 2026-08-17","mapped_to_410","Sitemap host differs from current batumtech.com host"
"https://www.batumparking.cn/index.php/www.magneticchina.cn","https://www.batumparking.cn/index.php/www.magneticchina.cn","www.batumparking.cn","anomalous_or_other","","","","gone","410","","0.64","2020-05-09T09:22:52+00:00","batumtech.com/sitemap.xml fetched 2026-08-17","mapped_to_410","Sitemap host differs from current batumtech.com host"
"https://www.batumparking.cn/index.php/product/id-32.html","https://www.batumparking.cn/index.php/product/id-32.html","www.batumparking.cn","product_detail","32","","https://batumtech.com/products/32","permanent_redirect","301","https://batumtech.com/products/32","0.64","2020-05-09T09:22:52+00:00","batumtech.com/sitemap.xml fetched 2026-08-17","mapped_to_batumtech.com","Sitemap host differs from current batumtech.com host"
"https://www.batumparking.cn/index.php/product/id-33.html","https://www.batumparking.cn/index.php/product/id-33.html","www.batumparking.cn","product_detail","33","","https://batumtech.com/products/33","permanent_redirect","301","https://batumtech.com/products/33","0.64","2020-05-09T09:22:52+00:00","batumtech.com/sitemap.xml fetched 2026-08-17","mapped_to_batumtech.com","Sitemap host differs from current batumtech.com host"
"https://www.batumparking.cn/index.php/product/id-28.html","https://www.batumparking.cn/index.php/product/id-28.html","www.batumparking.cn","product_detail","28","","https://batumtech.com/products/28","permanent_redirect","301","https://batumtech.com/products/28","0.64","2020-05-09T09:22:52+00:00","batumtech.com/sitemap.xml fetched 2026-08-17","mapped_to_batumtech.com","Sitemap host differs from current batumtech.com host"
"https://www.batumparking.cn/index.php/product/id-27.html","https://www.batumparking.cn/index.php/product/id-27.html","www.batumparking.cn","product_detail","27","","https://batumtech.com/products/27","permanent_redirect","301","https://batumtech.com/products/27","0.64","2020-05-09T09:22:52+00:00","batumtech.com/sitemap.xml fetched 2026-08-17","mapped_to_batumtech.com","Sitemap host differs from current batumtech.com host"
"https://www.batumparking.cn/index.php/product/id-31.html","https://www.batumparking.cn/index.php/product/id-31.html","www.batumparking.cn","product_detail","31","","https://batumtech.com/products/31","permanent_redirect","301","https://batumtech.com/products/31","0.64","2020-05-09T09:22:52+00:00","batumtech.com/sitemap.xml fetched 2026-08-17","mapped_to_batumtech.com","Sitemap host differs from current batumtech.com host"
"https://www.batumparking.cn/index.php/product/id-25.html","https://www.batumparking.cn/index.php/product/id-25.html","www.batumparking.cn","product_detail","25","","https://batumtech.com/products/25","permanent_redirect","301","https://batumtech.com/products/25","0.64","2020-05-09T09:22:52+00:00","batumtech.com/sitemap.xml fetched 2026-08-17","mapped_to_batumtech.com","Sitemap host differs from current batumtech.com host"
"https://www.batumparking.cn/index.php/product/id-24.html","https://www.batumparking.cn/index.php/product/id-24.html","www.batumparking.cn","product_detail","24","","https://batumtech.com/products/24","permanent_redirect","301","https://batumtech.com/products/24","0.64","2020-05-09T09:22:52+00:00","batumtech.com/sitemap.xml fetched 2026-08-17","mapped_to_batumtech.com","Sitemap host differs from current batumtech.com host"
"https://www.batumparking.cn/index.php/product/id-21.html","https://www.batumparking.cn/index.php/product/id-21.html","www.batumparking.cn","product_detail","21","","https://batumtech.com/products/21","permanent_redirect","301","https://batumtech.com/products/21","0.64","2020-05-09T09:22:52+00:00","batumtech.com/sitemap.xml fetched 2026-08-17","mapped_to_batumtech.com","Sitemap host differs from current batumtech.com host"
"https://www.batumparking.cn/index.php/product/id-23.html","https://www.batumparking.cn/index.php/product/id-23.html","www.batumparking.cn","product_detail","23","","https://batumtech.com/products/23","permanent_redirect","301","https://batumtech.com/products/23","0.64","2020-05-09T09:22:52+00:00","batumtech.com/sitemap.xml fetched 2026-08-17","mapped_to_batumtech.com","Sitemap host differs from current batumtech.com host"
"https://www.batumparking.cn/index.php/product/id-26.html","https://www.batumparking.cn/index.php/product/id-26.html","www.batumparking.cn","product_detail","26","","https://batumtech.com/products/26","permanent_redirect","301","https://batumtech.com/products/26","0.64","2020-05-09T09:22:52+00:00","batumtech.com/sitemap.xml fetched 2026-08-17","mapped_to_batumtech.com","Sitemap host differs from current batumtech.com host"
"https://www.batumparking.cn/index.php/product.html?&page=1","https://www.batumparking.cn/index.php/product.html?&page=1","www.batumparking.cn","product_pagination","","","https://batumtech.com/products","permanent_redirect","301","https://batumtech.com/products","0.64","2020-05-09T09:22:52+00:00","batumtech.com/sitemap.xml fetched 2026-08-17","mapped_to_batumtech.com","Sitemap host differs from current batumtech.com host"
"https://www.batumparking.cn/index.php/product.html?&page=2","https://www.batumparking.cn/index.php/product.html?&page=2","www.batumparking.cn","product_pagination","","","https://batumtech.com/products","permanent_redirect","301","https://batumtech.com/products","0.64","2020-05-09T09:22:52+00:00","batumtech.com/sitemap.xml fetched 2026-08-17","mapped_to_batumtech.com","Sitemap host differs from current batumtech.com host"
"https://www.batumparking.cn/index.php/news/www.batumtech.com","https://www.batumparking.cn/index.php/news/www.batumtech.com","www.batumparking.cn","anomalous_or_other","","","","gone","410","","0.64","2020-05-09T09:22:52+00:00","batumtech.com/sitemap.xml fetched 2026-08-17","mapped_to_410","Sitemap host differs from current batumtech.com host"
"https://www.batumparking.cn/index.php/news/www.magneticchina.cn","https://www.batumparking.cn/index.php/news/www.magneticchina.cn","www.batumparking.cn","anomalous_or_other","","","","gone","410","","0.64","2020-05-09T09:22:52+00:00","batumtech.com/sitemap.xml fetched 2026-08-17","mapped_to_410","Sitemap host differs from current batumtech.com host"
"https://www.batumparking.cn/index.php/news/id-214.html","https://www.batumparking.cn/index.php/news/id-214.html","www.batumparking.cn","news_detail","214","","https://batumtech.com/news/214","permanent_redirect","301","https://batumtech.com/news/214","0.64","2020-05-09T09:22:52+00:00","batumtech.com/sitemap.xml fetched 2026-08-17","mapped_to_batumtech.com","Sitemap host differs from current batumtech.com host"
"https://www.batumparking.cn/index.php/news/id-228.html","https://www.batumparking.cn/index.php/news/id-228.html","www.batumparking.cn","news_detail","228","","https://batumtech.com/news/228","permanent_redirect","301","https://batumtech.com/news/228","0.64","2020-05-09T09:22:52+00:00","batumtech.com/sitemap.xml fetched 2026-08-17","mapped_to_batumtech.com","Sitemap host differs from current batumtech.com host"
"https://www.batumparking.cn/index.php/news/id-232.html","https://www.batumparking.cn/index.php/news/id-232.html","www.batumparking.cn","news_detail","232","","https://batumtech.com/news/232","permanent_redirect","301","https://batumtech.com/news/232","0.64","2020-05-09T09:22:52+00:00","batumtech.com/sitemap.xml fetched 2026-08-17","mapped_to_batumtech.com","Sitemap host differs from current batumtech.com host"
"https://www.batumparking.cn/index.php/product/typeid--id-.html","https://www.batumparking.cn/index.php/product/typeid--id-.html","www.batumparking.cn","anomalous_or_other","","","","gone","410","","0.51","2020-05-09T09:22:52+00:00","batumtech.com/sitemap.xml fetched 2026-08-17","mapped_to_410","Sitemap host differs from current batumtech.com host"
"https://www.batumparking.cn/index.php/product/www.batumtech.com?&page=1","https://www.batumparking.cn/index.php/product/www.batumtech.com?&page=1","www.batumparking.cn","anomalous_or_other","","","","gone","410","","0.51","2020-05-09T09:22:52+00:00","batumtech.com/sitemap.xml fetched 2026-08-17","mapped_to_410","Sitemap host differs from current batumtech.com host"
"https://www.batumparking.cn/index.php/product/www.batumtech.com?&page=2","https://www.batumparking.cn/index.php/product/www.batumtech.com?&page=2","www.batumparking.cn","anomalous_or_other","","","","gone","410","","0.51","2020-05-09T09:22:52+00:00","batumtech.com/sitemap.xml fetched 2026-08-17","mapped_to_410","Sitemap host differs from current batumtech.com host"
"https://www.batumparking.cn/index.php/product/www.magneticchina.cn?&page=1","https://www.batumparking.cn/index.php/product/www.magneticchina.cn?&page=1","www.batumparking.cn","anomalous_or_other","","","","gone","410","","0.51","2020-05-09T09:22:52+00:00","batumtech.com/sitemap.xml fetched 2026-08-17","mapped_to_410","Sitemap host differs from current batumtech.com host"
"https://www.batumparking.cn/index.php/product/www.magneticchina.cn?&page=2","https://www.batumparking.cn/index.php/product/www.magneticchina.cn?&page=2","www.batumparking.cn","anomalous_or_other","","","","gone","410","","0.51","2020-05-09T09:22:52+00:00","batumtech.com/sitemap.xml fetched 2026-08-17","mapped_to_410","Sitemap host differs from current batumtech.com host"
"https://www.batumparking.cn/index.php/product/id-22.html","https://www.batumparking.cn/index.php/product/id-22.html","www.batumparking.cn","product_detail","22","","https://batumtech.com/products/22","permanent_redirect","301","https://batumtech.com/products/22","0.51","2020-05-09T09:22:52+00:00","batumtech.com/sitemap.xml fetched 2026-08-17","mapped_to_batumtech.com","Sitemap host differs from current batumtech.com host"
"https://www.batumparking.cn/index.php/product/id-16.html","https://www.batumparking.cn/index.php/product/id-16.html","www.batumparking.cn","product_detail","16","","https://batumtech.com/products/16","permanent_redirect","301","https://batumtech.com/products/16","0.51","2020-05-09T09:22:52+00:00","batumtech.com/sitemap.xml fetched 2026-08-17","mapped_to_batumtech.com","Sitemap host differs from current batumtech.com host"
"https://www.batumparking.cn/index.php/product/id-15.html","https://www.batumparking.cn/index.php/product/id-15.html","www.batumparking.cn","product_detail","15","","https://batumtech.com/products/15","permanent_redirect","301","https://batumtech.com/products/15","0.51","2020-05-09T09:22:52+00:00","batumtech.com/sitemap.xml fetched 2026-08-17","mapped_to_batumtech.com","Sitemap host differs from current batumtech.com host"
"https://www.batumparking.cn/index.php/product/id-17.html","https://www.batumparking.cn/index.php/product/id-17.html","www.batumparking.cn","product_detail","17","","https://batumtech.com/products/17","permanent_redirect","301","https://batumtech.com/products/17","0.51","2020-05-09T09:22:52+00:00","batumtech.com/sitemap.xml fetched 2026-08-17","mapped_to_batumtech.com","Sitemap host differs from current batumtech.com host"
"https://www.batumparking.cn/index.php/product/id-14.html","https://www.batumparking.cn/index.php/product/id-14.html","www.batumparking.cn","product_detail","14","","https://batumtech.com/products/14","permanent_redirect","301","https://batumtech.com/products/14","0.51","2020-05-09T09:22:52+00:00","batumtech.com/sitemap.xml fetched 2026-08-17","mapped_to_batumtech.com","Sitemap host differs from current batumtech.com host"
"https://www.batumparking.cn/index.php/product/id-19.html","https://www.batumparking.cn/index.php/product/id-19.html","www.batumparking.cn","product_detail","19","","https://batumtech.com/products/19","permanent_redirect","301","https://batumtech.com/products/19","0.51","2020-05-09T09:22:52+00:00","batumtech.com/sitemap.xml fetched 2026-08-17","mapped_to_batumtech.com","Sitemap host differs from current batumtech.com host"
"https://www.batumparking.cn/index.php/product/id-20.html","https://www.batumparking.cn/index.php/product/id-20.html","www.batumparking.cn","product_detail","20","","https://batumtech.com/products/20","permanent_redirect","301","https://batumtech.com/products/20","0.51","2020-05-09T09:22:52+00:00","batumtech.com/sitemap.xml fetched 2026-08-17","mapped_to_batumtech.com","Sitemap host differs from current batumtech.com host"
"https://www.batumparking.cn/index.php/news/typeid-101-id-231.html","https://www.batumparking.cn/index.php/news/typeid-101-id-231.html","www.batumparking.cn","news_detail","231","101","https://batumtech.com/news/231","permanent_redirect","301","https://batumtech.com/news/231","0.51","2020-05-09T09:22:52+00:00","batumtech.com/sitemap.xml fetched 2026-08-17","mapped_to_batumtech.com","Sitemap host differs from current batumtech.com host"
"https://www.batumparking.cn/index.php/news/typeid-101-id-230.html","https://www.batumparking.cn/index.php/news/typeid-101-id-230.html","www.batumparking.cn","news_detail","230","101","https://batumtech.com/news/230","permanent_redirect","301","https://batumtech.com/news/230","0.51","2020-05-09T09:22:52+00:00","batumtech.com/sitemap.xml fetched 2026-08-17","mapped_to_batumtech.com","Sitemap host differs from current batumtech.com host"
"https://www.batumparking.cn/index.php/news/typeid-101-id-229.html","https://www.batumparking.cn/index.php/news/typeid-101-id-229.html","www.batumparking.cn","news_detail","229","101","https://batumtech.com/news/229","permanent_redirect","301","https://batumtech.com/news/229","0.51","2020-05-09T09:22:52+00:00","batumtech.com/sitemap.xml fetched 2026-08-17","mapped_to_batumtech.com","Sitemap host differs from current batumtech.com host"
"https://www.batumparking.cn/index.php/news/typeid-101-id-224.html","https://www.batumparking.cn/index.php/news/typeid-101-id-224.html","www.batumparking.cn","news_detail","224","101","https://batumtech.com/news/224","permanent_redirect","301","https://batumtech.com/news/224","0.51","2020-05-09T09:22:52+00:00","batumtech.com/sitemap.xml fetched 2026-08-17","mapped_to_batumtech.com","Sitemap host differs from current batumtech.com host"
"https://www.batumparking.cn/index.php/news/typeid-101-id-223.html","https://www.batumparking.cn/index.php/news/typeid-101-id-223.html","www.batumparking.cn","news_detail","223","101","https://batumtech.com/news/223","permanent_redirect","301","https://batumtech.com/news/223","0.51","2020-05-09T09:22:52+00:00","batumtech.com/sitemap.xml fetched 2026-08-17","mapped_to_batumtech.com","Sitemap host differs from current batumtech.com host"
"https://www.batumparking.cn/index.php/news/typeid-101.html?&page=1","https://www.batumparking.cn/index.php/news/typeid-101.html?&page=1","www.batumparking.cn","news_category_pagination","","101","https://batumtech.com/news/category/101","permanent_redirect","301","https://batumtech.com/news/category/101","0.51","2020-05-09T09:22:52+00:00","batumtech.com/sitemap.xml fetched 2026-08-17","mapped_to_batumtech.com","Sitemap host differs from current batumtech.com host"
"https://www.batumparking.cn/index.php/news/typeid-101.html?&page=2","https://www.batumparking.cn/index.php/news/typeid-101.html?&page=2","www.batumparking.cn","news_category_pagination","","101","https://batumtech.com/news/category/101","permanent_redirect","301","https://batumtech.com/news/category/101","0.51","2020-05-09T09:22:52+00:00","batumtech.com/sitemap.xml fetched 2026-08-17","mapped_to_batumtech.com","Sitemap host differs from current batumtech.com host"
"https://www.batumparking.cn/index.php/news/typeid-101.html?&page=3","https://www.batumparking.cn/index.php/news/typeid-101.html?&page=3","www.batumparking.cn","news_category_pagination","","101","https://batumtech.com/news/category/101","permanent_redirect","301","https://batumtech.com/news/category/101","0.51","2020-05-09T09:22:52+00:00","batumtech.com/sitemap.xml fetched 2026-08-17","mapped_to_batumtech.com","Sitemap host differs from current batumtech.com host"
"https://www.batumparking.cn/index.php/news/typeid-36-id-214.html","https://www.batumparking.cn/index.php/news/typeid-36-id-214.html","www.batumparking.cn","news_detail","214","36","https://batumtech.com/news/214","permanent_redirect","301","https://batumtech.com/news/214","0.51","2020-05-09T09:22:52+00:00","batumtech.com/sitemap.xml fetched 2026-08-17","mapped_to_batumtech.com","Sitemap host differs from current batumtech.com host"
"https://www.batumparking.cn/index.php/news/typeid-88-id-228.html","https://www.batumparking.cn/index.php/news/typeid-88-id-228.html","www.batumparking.cn","news_detail","228","88","https://batumtech.com/news/228","permanent_redirect","301","https://batumtech.com/news/228","0.51","2020-05-09T09:22:52+00:00","batumtech.com/sitemap.xml fetched 2026-08-17","mapped_to_batumtech.com","Sitemap host differs from current batumtech.com host"
"https://www.batumparking.cn/index.php/news/typeid-88-id-227.html","https://www.batumparking.cn/index.php/news/typeid-88-id-227.html","www.batumparking.cn","news_detail","227","88","https://batumtech.com/news/227","permanent_redirect","301","https://batumtech.com/news/227","0.51","2020-05-09T09:22:52+00:00","batumtech.com/sitemap.xml fetched 2026-08-17","mapped_to_batumtech.com","Sitemap host differs from current batumtech.com host"
"https://www.batumparking.cn/index.php/news/typeid-88-id-226.html","https://www.batumparking.cn/index.php/news/typeid-88-id-226.html","www.batumparking.cn","news_detail","226","88","https://batumtech.com/news/226","permanent_redirect","301","https://batumtech.com/news/226","0.51","2020-05-09T09:22:52+00:00","batumtech.com/sitemap.xml fetched 2026-08-17","mapped_to_batumtech.com","Sitemap host differs from current batumtech.com host"
"https://www.batumparking.cn/index.php/news/typeid-88-id-225.html","https://www.batumparking.cn/index.php/news/typeid-88-id-225.html","www.batumparking.cn","news_detail","225","88","https://batumtech.com/news/225","permanent_redirect","301","https://batumtech.com/news/225","0.51","2020-05-09T09:22:52+00:00","batumtech.com/sitemap.xml fetched 2026-08-17","mapped_to_batumtech.com","Sitemap host differs from current batumtech.com host"
"https://www.batumparking.cn/index.php/news/typeid-88-id-222.html","https://www.batumparking.cn/index.php/news/typeid-88-id-222.html","www.batumparking.cn","news_detail","222","88","https://batumtech.com/news/222","permanent_redirect","301","https://batumtech.com/news/222","0.51","2020-05-09T09:22:52+00:00","batumtech.com/sitemap.xml fetched 2026-08-17","mapped_to_batumtech.com","Sitemap host differs from current batumtech.com host"
"https://www.batumparking.cn/index.php/news/typeid-88.html?&page=1","https://www.batumparking.cn/index.php/news/typeid-88.html?&page=1","www.batumparking.cn","news_category_pagination","","88","https://batumtech.com/news/category/88","permanent_redirect","301","https://batumtech.com/news/category/88","0.51","2020-05-09T09:22:52+00:00","batumtech.com/sitemap.xml fetched 2026-08-17","mapped_to_batumtech.com","Sitemap host differs from current batumtech.com host"
"https://www.batumparking.cn/index.php/news/typeid-88.html?&page=2","https://www.batumparking.cn/index.php/news/typeid-88.html?&page=2","www.batumparking.cn","news_category_pagination","","88","https://batumtech.com/news/category/88","permanent_redirect","301","https://batumtech.com/news/category/88","0.51","2020-05-09T09:22:52+00:00","batumtech.com/sitemap.xml fetched 2026-08-17","mapped_to_batumtech.com","Sitemap host differs from current batumtech.com host"
"https://www.batumparking.cn/index.php/news/id-231.html","https://www.batumparking.cn/index.php/news/id-231.html","www.batumparking.cn","news_detail","231","","https://batumtech.com/news/231","permanent_redirect","301","https://batumtech.com/news/231","0.51","2020-05-09T09:22:52+00:00","batumtech.com/sitemap.xml fetched 2026-08-17","mapped_to_batumtech.com","Sitemap host differs from current batumtech.com host"
"https://www.batumparking.cn/index.php/news/typeid-88-id-221.html","https://www.batumparking.cn/index.php/news/typeid-88-id-221.html","www.batumparking.cn","news_detail","221","88","https://batumtech.com/news/221","permanent_redirect","301","https://batumtech.com/news/221","0.51","2020-05-09T09:22:52+00:00","batumtech.com/sitemap.xml fetched 2026-08-17","mapped_to_batumtech.com","Sitemap host differs from current batumtech.com host"
"https://www.batumparking.cn/index.php/news/typeid-88-id-220.html","https://www.batumparking.cn/index.php/news/typeid-88-id-220.html","www.batumparking.cn","news_detail","220","88","https://batumtech.com/news/220","permanent_redirect","301","https://batumtech.com/news/220","0.51","2020-05-09T09:22:52+00:00","batumtech.com/sitemap.xml fetched 2026-08-17","mapped_to_batumtech.com","Sitemap host differs from current batumtech.com host"
"https://www.batumparking.cn/index.php/news/typeid-101-id-219.html","https://www.batumparking.cn/index.php/news/typeid-101-id-219.html","www.batumparking.cn","news_detail","219","101","https://batumtech.com/news/219","permanent_redirect","301","https://batumtech.com/news/219","0.51","2020-05-09T09:22:52+00:00","batumtech.com/sitemap.xml fetched 2026-08-17","mapped_to_batumtech.com","Sitemap host differs from current batumtech.com host"
"https://www.batumparking.cn/index.php/news/typeid-101-id-218.html","https://www.batumparking.cn/index.php/news/typeid-101-id-218.html","www.batumparking.cn","news_detail","218","101","https://batumtech.com/news/218","permanent_redirect","301","https://batumtech.com/news/218","0.51","2020-05-09T09:22:52+00:00","batumtech.com/sitemap.xml fetched 2026-08-17","mapped_to_batumtech.com","Sitemap host differs from current batumtech.com host"
"https://www.batumparking.cn/index.php/news/typeid-101-id-217.html","https://www.batumparking.cn/index.php/news/typeid-101-id-217.html","www.batumparking.cn","news_detail","217","101","https://batumtech.com/news/217","permanent_redirect","301","https://batumtech.com/news/217","0.51","2020-05-09T09:22:52+00:00","batumtech.com/sitemap.xml fetched 2026-08-17","mapped_to_batumtech.com","Sitemap host differs from current batumtech.com host"
"https://www.batumparking.cn/index.php/news/typeid-101-id-216.html","https://www.batumparking.cn/index.php/news/typeid-101-id-216.html","www.batumparking.cn","news_detail","216","101","https://batumtech.com/news/216","permanent_redirect","301","https://batumtech.com/news/216","0.51","2020-05-09T09:22:52+00:00","batumtech.com/sitemap.xml fetched 2026-08-17","mapped_to_batumtech.com","Sitemap host differs from current batumtech.com host"
"https://www.batumparking.cn/index.php/news/typeid-101-id-215.html","https://www.batumparking.cn/index.php/news/typeid-101-id-215.html","www.batumparking.cn","news_detail","215","101","https://batumtech.com/news/215","permanent_redirect","301","https://batumtech.com/news/215","0.51","2020-05-09T09:22:52+00:00","batumtech.com/sitemap.xml fetched 2026-08-17","mapped_to_batumtech.com","Sitemap host differs from current batumtech.com host"
"https://www.batumparking.cn/index.php/news/typeid-101-id-213.html","https://www.batumparking.cn/index.php/news/typeid-101-id-213.html","www.batumparking.cn","news_detail","213","101","https://batumtech.com/news/213","permanent_redirect","301","https://batumtech.com/news/213","0.51","2020-05-09T09:22:52+00:00","batumtech.com/sitemap.xml fetched 2026-08-17","mapped_to_batumtech.com","Sitemap host differs from current batumtech.com host"
"https://www.batumparking.cn/index.php/news/typeid-101-id-212.html","https://www.batumparking.cn/index.php/news/typeid-101-id-212.html","www.batumparking.cn","news_detail","212","101","https://batumtech.com/news/212","permanent_redirect","301","https://batumtech.com/news/212","0.51","2020-05-09T09:22:52+00:00","batumtech.com/sitemap.xml fetched 2026-08-17","mapped_to_batumtech.com","Sitemap host differs from current batumtech.com host"
"https://www.batumparking.cn/index.php/news/typeid-88-id-211.html","https://www.batumparking.cn/index.php/news/typeid-88-id-211.html","www.batumparking.cn","news_detail","211","88","https://batumtech.com/news/211","permanent_redirect","301","https://batumtech.com/news/211","0.51","2020-05-09T09:22:52+00:00","batumtech.com/sitemap.xml fetched 2026-08-17","mapped_to_batumtech.com","Sitemap host differs from current batumtech.com host"
"https://www.batumparking.cn/index.php/news/typeid-88-id-210.html","https://www.batumparking.cn/index.php/news/typeid-88-id-210.html","www.batumparking.cn","news_detail","210","88","https://batumtech.com/news/210","permanent_redirect","301","https://batumtech.com/news/210","0.51","2020-05-09T09:22:52+00:00","batumtech.com/sitemap.xml fetched 2026-08-17","mapped_to_batumtech.com","Sitemap host differs from current batumtech.com host"
"https://www.batumparking.cn/index.php/news/typeid-88-id-209.html","https://www.batumparking.cn/index.php/news/typeid-88-id-209.html","www.batumparking.cn","news_detail","209","88","https://batumtech.com/news/209","permanent_redirect","301","https://batumtech.com/news/209","0.51","2020-05-09T09:22:52+00:00","batumtech.com/sitemap.xml fetched 2026-08-17","mapped_to_batumtech.com","Sitemap host differs from current batumtech.com host"
"https://www.batumparking.cn/index.php/news/typeid-88-id-208.html","https://www.batumparking.cn/index.php/news/typeid-88-id-208.html","www.batumparking.cn","news_detail","208","88","https://batumtech.com/news/208","permanent_redirect","301","https://batumtech.com/news/208","0.51","2020-05-09T09:22:52+00:00","batumtech.com/sitemap.xml fetched 2026-08-17","mapped_to_batumtech.com","Sitemap host differs from current batumtech.com host"
"https://www.batumparking.cn/index.php/news/typeid-88-id-207.html","https://www.batumparking.cn/index.php/news/typeid-88-id-207.html","www.batumparking.cn","news_detail","207","88","https://batumtech.com/news/207","permanent_redirect","301","https://batumtech.com/news/207","0.51","2020-05-09T09:22:52+00:00","batumtech.com/sitemap.xml fetched 2026-08-17","mapped_to_batumtech.com","Sitemap host differs from current batumtech.com host"
"https://www.batumparking.cn/index.php/news/typeid-88-id-206.html","https://www.batumparking.cn/index.php/news/typeid-88-id-206.html","www.batumparking.cn","news_detail","206","88","https://batumtech.com/news/206","permanent_redirect","301","https://batumtech.com/news/206","0.51","2020-05-09T09:22:52+00:00","batumtech.com/sitemap.xml fetched 2026-08-17","mapped_to_batumtech.com","Sitemap host differs from current batumtech.com host"
"https://www.batumparking.cn/index.php/news/typeid-88-id-205.html","https://www.batumparking.cn/index.php/news/typeid-88-id-205.html","www.batumparking.cn","news_detail","205","88","https://batumtech.com/news/205","permanent_redirect","301","https://batumtech.com/news/205","0.51","2020-05-09T09:22:52+00:00","batumtech.com/sitemap.xml fetched 2026-08-17","mapped_to_batumtech.com","Sitemap host differs from current batumtech.com host"
"https://www.batumparking.cn/index.php/news/typeid-101-id-204.html","https://www.batumparking.cn/index.php/news/typeid-101-id-204.html","www.batumparking.cn","news_detail","204","101","https://batumtech.com/news/204","permanent_redirect","301","https://batumtech.com/news/204","0.51","2020-05-09T09:22:52+00:00","batumtech.com/sitemap.xml fetched 2026-08-17","mapped_to_batumtech.com","Sitemap host differs from current batumtech.com host"
"https://www.batumparking.cn/index.php/news/typeid-101-id-203.html","https://www.batumparking.cn/index.php/news/typeid-101-id-203.html","www.batumparking.cn","news_detail","203","101","https://batumtech.com/news/203","permanent_redirect","301","https://batumtech.com/news/203","0.51","2020-05-09T09:22:52+00:00","batumtech.com/sitemap.xml fetched 2026-08-17","mapped_to_batumtech.com","Sitemap host differs from current batumtech.com host"
"https://www.batumparking.cn/index.php/news/typeid-101-id-202.html","https://www.batumparking.cn/index.php/news/typeid-101-id-202.html","www.batumparking.cn","news_detail","202","101","https://batumtech.com/news/202","permanent_redirect","301","https://batumtech.com/news/202","0.51","2020-05-09T09:22:52+00:00","batumtech.com/sitemap.xml fetched 2026-08-17","mapped_to_batumtech.com","Sitemap host differs from current batumtech.com host"
"https://www.batumparking.cn/index.php/news/typeid-101-id-201.html","https://www.batumparking.cn/index.php/news/typeid-101-id-201.html","www.batumparking.cn","news_detail","201","101","https://batumtech.com/news/201","permanent_redirect","301","https://batumtech.com/news/201","0.51","2020-05-09T09:22:52+00:00","batumtech.com/sitemap.xml fetched 2026-08-17","mapped_to_batumtech.com","Sitemap host differs from current batumtech.com host"
"https://www.batumparking.cn/index.php/news/typeid-101-id-200.html","https://www.batumparking.cn/index.php/news/typeid-101-id-200.html","www.batumparking.cn","news_detail","200","101","https://batumtech.com/news/200","permanent_redirect","301","https://batumtech.com/news/200","0.51","2020-05-09T09:22:52+00:00","batumtech.com/sitemap.xml fetched 2026-08-17","mapped_to_batumtech.com","Sitemap host differs from current batumtech.com host"
"https://www.batumparking.cn/index.php/news/typeid-101-id-199.html","https://www.batumparking.cn/index.php/news/typeid-101-id-199.html","www.batumparking.cn","news_detail","199","101","https://batumtech.com/news/199","permanent_redirect","301","https://batumtech.com/news/199","0.51","2020-05-09T09:22:52+00:00","batumtech.com/sitemap.xml fetched 2026-08-17","mapped_to_batumtech.com","Sitemap host differs from current batumtech.com host"
"https://www.batumparking.cn/index.php/news/typeid-101-id-198.html","https://www.batumparking.cn/index.php/news/typeid-101-id-198.html","www.batumparking.cn","news_detail","198","101","https://batumtech.com/news/198","permanent_redirect","301","https://batumtech.com/news/198","0.51","2020-05-09T09:22:52+00:00","batumtech.com/sitemap.xml fetched 2026-08-17","mapped_to_batumtech.com","Sitemap host differs from current batumtech.com host"
"https://www.batumparking.cn/index.php/news/www.batumtech.com?&page=1","https://www.batumparking.cn/index.php/news/www.batumtech.com?&page=1","www.batumparking.cn","anomalous_or_other","","","","gone","410","","0.51","2020-05-09T09:22:52+00:00","batumtech.com/sitemap.xml fetched 2026-08-17","mapped_to_410","Sitemap host differs from current batumtech.com host"
"https://www.batumparking.cn/index.php/news/www.batumtech.com?&page=2","https://www.batumparking.cn/index.php/news/www.batumtech.com?&page=2","www.batumparking.cn","anomalous_or_other","","","","gone","410","","0.51","2020-05-09T09:22:52+00:00","batumtech.com/sitemap.xml fetched 2026-08-17","mapped_to_410","Sitemap host differs from current batumtech.com host"
"https://www.batumparking.cn/index.php/news/www.batumtech.com?&page=3","https://www.batumparking.cn/index.php/news/www.batumtech.com?&page=3","www.batumparking.cn","anomalous_or_other","","","","gone","410","","0.51","2020-05-09T09:22:52+00:00","batumtech.com/sitemap.xml fetched 2026-08-17","mapped_to_410","Sitemap host differs from current batumtech.com host"
"https://www.batumparking.cn/index.php/news/www.batumtech.com?&page=4","https://www.batumparking.cn/index.php/news/www.batumtech.com?&page=4","www.batumparking.cn","anomalous_or_other","","","","gone","410","","0.51","2020-05-09T09:22:52+00:00","batumtech.com/sitemap.xml fetched 2026-08-17","mapped_to_410","Sitemap host differs from current batumtech.com host"
"https://www.batumparking.cn/index.php/news/www.batumtech.com?&page=5","https://www.batumparking.cn/index.php/news/www.batumtech.com?&page=5","www.batumparking.cn","anomalous_or_other","","","","gone","410","","0.51","2020-05-09T09:22:52+00:00","batumtech.com/sitemap.xml fetched 2026-08-17","mapped_to_410","Sitemap host differs from current batumtech.com host"
"https://www.batumparking.cn/index.php/news/www.magneticchina.cn?&page=1","https://www.batumparking.cn/index.php/news/www.magneticchina.cn?&page=1","www.batumparking.cn","anomalous_or_other","","","","gone","410","","0.51","2020-05-09T09:22:52+00:00","batumtech.com/sitemap.xml fetched 2026-08-17","mapped_to_410","Sitemap host differs from current batumtech.com host"
"https://www.batumparking.cn/index.php/news/www.magneticchina.cn?&page=2","https://www.batumparking.cn/index.php/news/www.magneticchina.cn?&page=2","www.batumparking.cn","anomalous_or_other","","","","gone","410","","0.51","2020-05-09T09:22:52+00:00","batumtech.com/sitemap.xml fetched 2026-08-17","mapped_to_410","Sitemap host differs from current batumtech.com host"
"https://www.batumparking.cn/index.php/news/www.magneticchina.cn?&page=3","https://www.batumparking.cn/index.php/news/www.magneticchina.cn?&page=3","www.batumparking.cn","anomalous_or_other","","","","gone","410","","0.51","2020-05-09T09:22:52+00:00","batumtech.com/sitemap.xml fetched 2026-08-17","mapped_to_410","Sitemap host differs from current batumtech.com host"
"https://www.batumparking.cn/index.php/news/www.magneticchina.cn?&page=4","https://www.batumparking.cn/index.php/news/www.magneticchina.cn?&page=4","www.batumparking.cn","anomalous_or_other","","","","gone","410","","0.51","2020-05-09T09:22:52+00:00","batumtech.com/sitemap.xml fetched 2026-08-17","mapped_to_410","Sitemap host differs from current batumtech.com host"
"https://www.batumparking.cn/index.php/news/www.magneticchina.cn?&page=5","https://www.batumparking.cn/index.php/news/www.magneticchina.cn?&page=5","www.batumparking.cn","anomalous_or_other","","","","gone","410","","0.51","2020-05-09T09:22:52+00:00","batumtech.com/sitemap.xml fetched 2026-08-17","mapped_to_410","Sitemap host differs from current batumtech.com host"
"https://www.batumparking.cn/index.php/news/id-227.html","https://www.batumparking.cn/index.php/news/id-227.html","www.batumparking.cn","news_detail","227","","https://batumtech.com/news/227","permanent_redirect","301","https://batumtech.com/news/227","0.51","2020-05-09T09:22:52+00:00","batumtech.com/sitemap.xml fetched 2026-08-17","mapped_to_batumtech.com","Sitemap host differs from current batumtech.com host"
"https://www.batumparking.cn/index.php/product/typeid--id-.html?&page=1","https://www.batumparking.cn/index.php/product/typeid--id-.html?&page=1","www.batumparking.cn","anomalous_or_other","","","","gone","410","","0.41","2020-05-09T09:22:52+00:00","batumtech.com/sitemap.xml fetched 2026-08-17","mapped_to_410","Sitemap host differs from current batumtech.com host"
"https://www.batumparking.cn/index.php/product/typeid--id-.html?&page=2","https://www.batumparking.cn/index.php/product/typeid--id-.html?&page=2","www.batumparking.cn","anomalous_or_other","","","","gone","410","","0.41","2020-05-09T09:22:52+00:00","batumtech.com/sitemap.xml fetched 2026-08-17","mapped_to_410","Sitemap host differs from current batumtech.com host"
"https://www.batumparking.cn/index.php/news/id-230.html","https://www.batumparking.cn/index.php/news/id-230.html","www.batumparking.cn","news_detail","230","","https://batumtech.com/news/230","permanent_redirect","301","https://batumtech.com/news/230","0.41","2020-05-09T09:22:52+00:00","batumtech.com/sitemap.xml fetched 2026-08-17","mapped_to_batumtech.com","Sitemap host differs from current batumtech.com host"
"https://www.batumparking.cn/index.php/news/id-229.html","https://www.batumparking.cn/index.php/news/id-229.html","www.batumparking.cn","news_detail","229","","https://batumtech.com/news/229","permanent_redirect","301","https://batumtech.com/news/229","0.41","2020-05-09T09:22:52+00:00","batumtech.com/sitemap.xml fetched 2026-08-17","mapped_to_batumtech.com","Sitemap host differs from current batumtech.com host"
"https://www.batumparking.cn/index.php/news/id-224.html","https://www.batumparking.cn/index.php/news/id-224.html","www.batumparking.cn","news_detail","224","","https://batumtech.com/news/224","permanent_redirect","301","https://batumtech.com/news/224","0.41","2020-05-09T09:22:52+00:00","batumtech.com/sitemap.xml fetched 2026-08-17","mapped_to_batumtech.com","Sitemap host differs from current batumtech.com host"
"https://www.batumparking.cn/index.php/news/id-223.html","https://www.batumparking.cn/index.php/news/id-223.html","www.batumparking.cn","news_detail","223","","https://batumtech.com/news/223","permanent_redirect","301","https://batumtech.com/news/223","0.41","2020-05-09T09:22:52+00:00","batumtech.com/sitemap.xml fetched 2026-08-17","mapped_to_batumtech.com","Sitemap host differs from current batumtech.com host"
"https://www.batumparking.cn/index.php/news/id-219.html","https://www.batumparking.cn/index.php/news/id-219.html","www.batumparking.cn","news_detail","219","","https://batumtech.com/news/219","permanent_redirect","301","https://batumtech.com/news/219","0.41","2020-05-09T09:22:52+00:00","batumtech.com/sitemap.xml fetched 2026-08-17","mapped_to_batumtech.com","Sitemap host differs from current batumtech.com host"
"https://www.batumparking.cn/index.php/news/id-226.html","https://www.batumparking.cn/index.php/news/id-226.html","www.batumparking.cn","news_detail","226","","https://batumtech.com/news/226","permanent_redirect","301","https://batumtech.com/news/226","0.41","2020-05-09T09:22:52+00:00","batumtech.com/sitemap.xml fetched 2026-08-17","mapped_to_batumtech.com","Sitemap host differs from current batumtech.com host"
"https://www.batumparking.cn/index.php/news/id-225.html","https://www.batumparking.cn/index.php/news/id-225.html","www.batumparking.cn","news_detail","225","","https://batumtech.com/news/225","permanent_redirect","301","https://batumtech.com/news/225","0.41","2020-05-09T09:22:52+00:00","batumtech.com/sitemap.xml fetched 2026-08-17","mapped_to_batumtech.com","Sitemap host differs from current batumtech.com host"
"https://www.batumparking.cn/index.php/news/id-222.html","https://www.batumparking.cn/index.php/news/id-222.html","www.batumparking.cn","news_detail","222","","https://batumtech.com/news/222","permanent_redirect","301","https://batumtech.com/news/222","0.41","2020-05-09T09:22:52+00:00","batumtech.com/sitemap.xml fetched 2026-08-17","mapped_to_batumtech.com","Sitemap host differs from current batumtech.com host"
"https://www.batumparking.cn/index.php/news/id-221.html","https://www.batumparking.cn/index.php/news/id-221.html","www.batumparking.cn","news_detail","221","","https://batumtech.com/news/221","permanent_redirect","301","https://batumtech.com/news/221","0.41","2020-05-09T09:22:52+00:00","batumtech.com/sitemap.xml fetched 2026-08-17","mapped_to_batumtech.com","Sitemap host differs from current batumtech.com host"
"https://www.batumparking.cn/index.php/news/id-220.html","https://www.batumparking.cn/index.php/news/id-220.html","www.batumparking.cn","news_detail","220","","https://batumtech.com/news/220","permanent_redirect","301","https://batumtech.com/news/220","0.41","2020-05-09T09:22:52+00:00","batumtech.com/sitemap.xml fetched 2026-08-17","mapped_to_batumtech.com","Sitemap host differs from current batumtech.com host"
"https://www.batumparking.cn/index.php/news/id-211.html","https://www.batumparking.cn/index.php/news/id-211.html","www.batumparking.cn","news_detail","211","","https://batumtech.com/news/211","permanent_redirect","301","https://batumtech.com/news/211","0.41","2020-05-09T09:22:52+00:00","batumtech.com/sitemap.xml fetched 2026-08-17","mapped_to_batumtech.com","Sitemap host differs from current batumtech.com host"
"https://www.batumparking.cn/index.php/news/id-218.html","https://www.batumparking.cn/index.php/news/id-218.html","www.batumparking.cn","news_detail","218","","https://batumtech.com/news/218","permanent_redirect","301","https://batumtech.com/news/218","0.41","2020-05-09T09:22:52+00:00","batumtech.com/sitemap.xml fetched 2026-08-17","mapped_to_batumtech.com","Sitemap host differs from current batumtech.com host"
"https://www.batumparking.cn/index.php/news/id-217.html","https://www.batumparking.cn/index.php/news/id-217.html","www.batumparking.cn","news_detail","217","","https://batumtech.com/news/217","permanent_redirect","301","https://batumtech.com/news/217","0.41","2020-05-09T09:22:52+00:00","batumtech.com/sitemap.xml fetched 2026-08-17","mapped_to_batumtech.com","Sitemap host differs from current batumtech.com host"
"https://www.batumparking.cn/index.php/news/id-216.html","https://www.batumparking.cn/index.php/news/id-216.html","www.batumparking.cn","news_detail","216","","https://batumtech.com/news/216","permanent_redirect","301","https://batumtech.com/news/216","0.41","2020-05-09T09:22:52+00:00","batumtech.com/sitemap.xml fetched 2026-08-17","mapped_to_batumtech.com","Sitemap host differs from current batumtech.com host"
"https://www.batumparking.cn/index.php/news/id-215.html","https://www.batumparking.cn/index.php/news/id-215.html","www.batumparking.cn","news_detail","215","","https://batumtech.com/news/215","permanent_redirect","301","https://batumtech.com/news/215","0.41","2020-05-09T09:22:52+00:00","batumtech.com/sitemap.xml fetched 2026-08-17","mapped_to_batumtech.com","Sitemap host differs from current batumtech.com host"
"https://www.batumparking.cn/index.php/news/www.batumparking.cn","https://www.batumparking.cn/index.php/news/www.batumparking.cn","www.batumparking.cn","anomalous_or_other","","","","gone","410","","0.41","2020-05-09T09:22:52+00:00","batumtech.com/sitemap.xml fetched 2026-08-17","mapped_to_410","Sitemap host differs from current batumtech.com host"
"https://www.batumparking.cn/index.php/news/id-213.html","https://www.batumparking.cn/index.php/news/id-213.html","www.batumparking.cn","news_detail","213","","https://batumtech.com/news/213","permanent_redirect","301","https://batumtech.com/news/213","0.41","2020-05-09T09:22:52+00:00","batumtech.com/sitemap.xml fetched 2026-08-17","mapped_to_batumtech.com","Sitemap host differs from current batumtech.com host"
"https://www.batumparking.cn/index.php/news/id-212.html","https://www.batumparking.cn/index.php/news/id-212.html","www.batumparking.cn","news_detail","212","","https://batumtech.com/news/212","permanent_redirect","301","https://batumtech.com/news/212","0.41","2020-05-09T09:22:52+00:00","batumtech.com/sitemap.xml fetched 2026-08-17","mapped_to_batumtech.com","Sitemap host differs from current batumtech.com host"
"https://www.batumparking.cn/index.php/news/id-204.html","https://www.batumparking.cn/index.php/news/id-204.html","www.batumparking.cn","news_detail","204","","https://batumtech.com/news/204","permanent_redirect","301","https://batumtech.com/news/204","0.41","2020-05-09T09:22:52+00:00","batumtech.com/sitemap.xml fetched 2026-08-17","mapped_to_batumtech.com","Sitemap host differs from current batumtech.com host"
"https://www.batumparking.cn/index.php/news/id-210.html","https://www.batumparking.cn/index.php/news/id-210.html","www.batumparking.cn","news_detail","210","","https://batumtech.com/news/210","permanent_redirect","301","https://batumtech.com/news/210","0.41","2020-05-09T09:22:52+00:00","batumtech.com/sitemap.xml fetched 2026-08-17","mapped_to_batumtech.com","Sitemap host differs from current batumtech.com host"
"https://www.batumparking.cn/index.php/news/id-209.html","https://www.batumparking.cn/index.php/news/id-209.html","www.batumparking.cn","news_detail","209","","https://batumtech.com/news/209","permanent_redirect","301","https://batumtech.com/news/209","0.41","2020-05-09T09:22:52+00:00","batumtech.com/sitemap.xml fetched 2026-08-17","mapped_to_batumtech.com","Sitemap host differs from current batumtech.com host"
"https://www.batumparking.cn/index.php/news/id-208.html","https://www.batumparking.cn/index.php/news/id-208.html","www.batumparking.cn","news_detail","208","","https://batumtech.com/news/208","permanent_redirect","301","https://batumtech.com/news/208","0.41","2020-05-09T09:22:52+00:00","batumtech.com/sitemap.xml fetched 2026-08-17","mapped_to_batumtech.com","Sitemap host differs from current batumtech.com host"
"https://www.batumparking.cn/index.php/news/id-207.html","https://www.batumparking.cn/index.php/news/id-207.html","www.batumparking.cn","news_detail","207","","https://batumtech.com/news/207","permanent_redirect","301","https://batumtech.com/news/207","0.41","2020-05-09T09:22:52+00:00","batumtech.com/sitemap.xml fetched 2026-08-17","mapped_to_batumtech.com","Sitemap host differs from current batumtech.com host"
"https://www.batumparking.cn/index.php/news/id-206.html","https://www.batumparking.cn/index.php/news/id-206.html","www.batumparking.cn","news_detail","206","","https://batumtech.com/news/206","permanent_redirect","301","https://batumtech.com/news/206","0.41","2020-05-09T09:22:52+00:00","batumtech.com/sitemap.xml fetched 2026-08-17","mapped_to_batumtech.com","Sitemap host differs from current batumtech.com host"
"https://www.batumparking.cn/index.php/news/id-205.html","https://www.batumparking.cn/index.php/news/id-205.html","www.batumparking.cn","news_detail","205","","https://batumtech.com/news/205","permanent_redirect","301","https://batumtech.com/news/205","0.41","2020-05-09T09:22:52+00:00","batumtech.com/sitemap.xml fetched 2026-08-17","mapped_to_batumtech.com","Sitemap host differs from current batumtech.com host"
"https://www.batumparking.cn/index.php/news/id-203.html","https://www.batumparking.cn/index.php/news/id-203.html","www.batumparking.cn","news_detail","203","","https://batumtech.com/news/203","permanent_redirect","301","https://batumtech.com/news/203","0.41","2020-05-09T09:22:52+00:00","batumtech.com/sitemap.xml fetched 2026-08-17","mapped_to_batumtech.com","Sitemap host differs from current batumtech.com host"
"https://www.batumparking.cn/index.php/news/id-202.html","https://www.batumparking.cn/index.php/news/id-202.html","www.batumparking.cn","news_detail","202","","https://batumtech.com/news/202","permanent_redirect","301","https://batumtech.com/news/202","0.41","2020-05-09T09:22:52+00:00","batumtech.com/sitemap.xml fetched 2026-08-17","mapped_to_batumtech.com","Sitemap host differs from current batumtech.com host"
"https://www.batumparking.cn/index.php/news/id-201.html","https://www.batumparking.cn/index.php/news/id-201.html","www.batumparking.cn","news_detail","201","","https://batumtech.com/news/201","permanent_redirect","301","https://batumtech.com/news/201","0.41","2020-05-09T09:22:52+00:00","batumtech.com/sitemap.xml fetched 2026-08-17","mapped_to_batumtech.com","Sitemap host differs from current batumtech.com host"
"https://www.batumparking.cn/index.php/news/id-200.html","https://www.batumparking.cn/index.php/news/id-200.html","www.batumparking.cn","news_detail","200","","https://batumtech.com/news/200","permanent_redirect","301","https://batumtech.com/news/200","0.41","2020-05-09T09:22:52+00:00","batumtech.com/sitemap.xml fetched 2026-08-17","mapped_to_batumtech.com","Sitemap host differs from current batumtech.com host"
"https://www.batumparking.cn/index.php/news/id-199.html","https://www.batumparking.cn/index.php/news/id-199.html","www.batumparking.cn","news_detail","199","","https://batumtech.com/news/199","permanent_redirect","301","https://batumtech.com/news/199","0.41","2020-05-09T09:22:52+00:00","batumtech.com/sitemap.xml fetched 2026-08-17","mapped_to_batumtech.com","Sitemap host differs from current batumtech.com host"
"https://www.batumparking.cn/index.php/news/id-198.html","https://www.batumparking.cn/index.php/news/id-198.html","www.batumparking.cn","news_detail","198","","https://batumtech.com/news/198","permanent_redirect","301","https://batumtech.com/news/198","0.41","2020-05-09T09:22:52+00:00","batumtech.com/sitemap.xml fetched 2026-08-17","mapped_to_batumtech.com","Sitemap host differs from current batumtech.com host"
"https://www.batumparking.cn/index.php/news/www.batumparking.cn?&page=1","https://www.batumparking.cn/index.php/news/www.batumparking.cn?&page=1","www.batumparking.cn","anomalous_or_other","","","","gone","410","","0.33","2020-05-09T09:22:52+00:00","batumtech.com/sitemap.xml fetched 2026-08-17","mapped_to_410","Sitemap host differs from current batumtech.com host"
"https://www.batumparking.cn/index.php/news/www.batumparking.cn?&page=2","https://www.batumparking.cn/index.php/news/www.batumparking.cn?&page=2","www.batumparking.cn","anomalous_or_other","","","","gone","410","","0.33","2020-05-09T09:22:52+00:00","batumtech.com/sitemap.xml fetched 2026-08-17","mapped_to_410","Sitemap host differs from current batumtech.com host"
"https://www.batumparking.cn/index.php/news/www.batumparking.cn?&page=3","https://www.batumparking.cn/index.php/news/www.batumparking.cn?&page=3","www.batumparking.cn","anomalous_or_other","","","","gone","410","","0.33","2020-05-09T09:22:52+00:00","batumtech.com/sitemap.xml fetched 2026-08-17","mapped_to_410","Sitemap host differs from current batumtech.com host"
"https://www.batumparking.cn/index.php/news/www.batumparking.cn?&page=4","https://www.batumparking.cn/index.php/news/www.batumparking.cn?&page=4","www.batumparking.cn","anomalous_or_other","","","","gone","410","","0.33","2020-05-09T09:22:52+00:00","batumtech.com/sitemap.xml fetched 2026-08-17","mapped_to_410","Sitemap host differs from current batumtech.com host"
"https://www.batumparking.cn/index.php/news/www.batumparking.cn?&page=5","https://www.batumparking.cn/index.php/news/www.batumparking.cn?&page=5","www.batumparking.cn","anomalous_or_other","","","","gone","410","","0.33","2020-05-09T09:22:52+00:00","batumtech.com/sitemap.xml fetched 2026-08-17","mapped_to_410","Sitemap host differs from current batumtech.com host"
